{
	"height": 6,
	"height_max": 0.216411486268044,
	"height_min": -0.375864326953888,
	"heights": [
		0.508528292179108,
		0.567038118839264,
		0.593770325183868,
		0.631137669086456,
		0.627863049507141,
		0.633548557758331,
		0.448514878749847,
		0.500781655311584,
		0.384058922529221,
		0.327840179204941,
		0.514845728874207,
		0.608254671096802,
		0.452081441879272,
		0.377224862575531,
		0.0662353113293648,
		0.200424909591675,
		0.466853976249695,
		0.620381355285645,
		0.436979115009308,
		0.21300645172596,
		0.0,
		0.422134310007095,
		0.805049419403076,
		0.75510960817337,
		0.406939327716827,
		0.370853811502457,
		0.224503546953201,
		1.0,
		0.935656607151031,
		0.667152881622314,
		0.440335690975189,
		0.439644873142242,
		0.506544649600983,
		0.804091572761536,
		0.69039785861969,
		0.55415552854538
	],
	"mountain_level": 0.75510960817337,
	"mountain_pct": 0.1,
	"raw_heights": [
		-0.0746753066778183,
		-0.0400213748216629,
		-0.0241885203868151,
		-0.0020567539613694,
		-0.00399624230340123,
		-0.00062883400823921,
		-0.110219806432724,
		-0.0792634636163712,
		-0.148395523428917,
		-0.181692525744438,
		-0.0709336400032043,
		-0.0156098073348403,
		-0.108107425272465,
		-0.152443170547485,
		-0.336634755134583,
		-0.257157504558563,
		-0.0993579998612404,
		-0.00842744670808315,
		-0.117052167654037,
		-0.249705761671066,
		-0.375864326953888,
		-0.125844389200211,
		0.100946977734566,
		0.0713688209652901,
		-0.13484400510788,
		-0.156216591596603,
		-0.242896303534508,
		0.216411486268044,
		0.178302437067032,
		0.0192741975188255,
		-0.115064144134521,
		-0.115473300218582,
		-0.075850173830986,
		0.100379653275013,
		0.0330416262149811,
		-0.0476514101028442
	],
	"sand_level": 0.508528292179108,
	"sand_pct": 0.1,
	"seed": 12345,
	"tiles": [
		{
			"biome": 2,
			"biome_name": "plains",
			"height": 0.508528292179108,
			"height_raw": -0.0746753066778183,
			"mesh_key": "plains",
			"q": 0,
			"r": 0,
			"rotation_deg": 0.0,
			"rotation_steps": 0
		},
		{
			"biome": 2,
			"biome_name": "plains",
			"height": 0.567038118839264,
			"height_raw": -0.0400213748216629,
			"mesh_key": "plains",
			"q": 1,
			"r": 0,
			"rotation_deg": 0.0,
			"rotation_steps": 0
		},
		{
			"biome": 2,
			"biome_name": "plains",
			"height": 0.593770325183868,
			"height_raw": -0.0241885203868151,
			"mesh_key": "plains",
			"q": 2,
			"r": 0,
			"rotation_deg": 0.0,
			"rotation_steps": 0
		},
		{
			"biome": 2,
			"biome_name": "plains",
			"height": 0.631137669086456,
			"height_raw": -0.0020567539613694,
			"mesh_key": "plains",
			"q": 3,
			"r": 0,
			"rotation_deg": 0.0,
			"rotation_steps": 0
		},
		{
			"biome": 2,
			"biome_name": "plains",
			"height": 0.627863049507141,
			"height_raw": -0.00399624230340123,
			"mesh_key": "plains",
			"q": 4,
			"r": 0,
			"rotation_deg": 0.0,
			"rotation_steps": 0
		},
		{
			"biome": 2,
			"biome_name": "plains",
			"height": 0.633548557758331,
			"height_raw": -0.00062883400823921,
			"mesh_key": "plains",
			"q": 5,
			"r": 0,
			"rotation_deg": 0.0,
			"rotation_steps": 0
		},
		{
			"biome": 0,
			"biome_name": "water",
			"height": 0.448514878749847,
			"height_raw": -0.110219806432724,
			"mesh_key": "water",
			"q": 0,
			"r": 1,
			"rotation_deg": 0.0,
			"rotation_steps": 0
		},
		{
			"biome": 1,
			"biome_name": "sand",
			"height": 0.500781655311584,
			"height_raw": -0.0792634636163712,
			"mesh_key": "sand",
			"q": 1,
			"r": 1,
			"rotation_deg": 0.0,
			"rotation_steps": 0
		},
		{
			"biome": 0,
			"biome_name": "water",
			"height": 0.384058922529221,
			"height_raw": -0.148395523428917,
			"mesh_key": "water",
			"q": 2,
			"r": 1,
			"rotation_deg": 0.0,
			"rotation_steps": 0
		},
		{
			"biome": 0,
			"biome_name": "water",
			"height": 0.327840179204941,
			"height_raw": -0.181692525744438,
			"mesh_key": "water",
			"q": 3,
			"r": 1,
			"rotation_deg": 0.0,
			"rotation_steps": 0
		},
		{
			"biome": 2,
			"biome_name": "plains",
			"height": 0.514845728874207,
			"height_raw": -0.0709336400032043,
			"mesh_key": "plains_waterD",
			"q": 4,
			"r": 1,
			"rotation_deg": 60.0,
			"rotation_steps": 1
		},
		{
			"biome": 2,
			"biome_name": "plains",
			"height": 0.608254671096802,
			"height_raw": -0.0156098073348403,
			"mesh_key": "plains",
			"q": 5,
			"r": 1,
			"rotation_deg": 0.0,
			"rotation_steps": 0
		},
		{
			"biome": 1,
			"biome_name": "sand",
			"height": 0.452081441879272,
			"height_raw": -0.108107425272465,
			"mesh_key": "sand",
			"q": 0,
			"r": 2,
			"rotation_deg": 0.0,
			"rotation_steps": 0
		},
		{
			"biome": 0,
			"biome_name": "water",
			"height": 0.377224862575531,
			"height_raw": -0.152443170547485,
			"mesh_key": "water",
			"q": 1,
			"r": 2,
			"rotation_deg": 0.0,
			"rotation_steps": 0
		},
		{
			"biome": 0,
			"biome_name": "water",
			"height": 0.0662353113293648,
			"height_raw": -0.336634755134583,
			"mesh_key": "water",
			"q": 2,
			"r": 2,
			"rotation_deg": 0.0,
			"rotation_steps": 0
		},
		{
			"biome": 0,
			"biome_name": "water",
			"height": 0.200424909591675,
			"height_raw": -0.257157504558563,
			"mesh_key": "water",
			"q": 3,
			"r": 2,
			"rotation_deg": 0.0,
			"rotation_steps": 0
		},
		{
			"biome": 1,
			"biome_name": "sand",
			"height": 0.466853976249695,
			"height_raw": -0.0993579998612404,
			"mesh_key": "sand",
			"q": 4,
			"r": 2,
			"rotation_deg": 0.0,
			"rotation_steps": 0
		},
		{
			"biome": 2,
			"biome_name": "plains",
			"height": 0.620381355285645,
			"height_raw": -0.00842744670808315,
			"mesh_key": "plains",
			"q": 5,
			"r": 2,
			"rotation_deg": 0.0,
			"rotation_steps": 0
		},
		{
			"biome": 0,
			"biome_name": "water",
			"height": 0.436979115009308,
			"height_raw": -0.117052167654037,
			"mesh_key": "water",
			"q": 0,
			"r": 3,
			"rotation_deg": 0.0,
			"rotation_steps": 0
		},
		{
			"biome": 0,
			"biome_name": "water",
			"height": 0.21300645172596,
			"height_raw": -0.249705761671066,
			"mesh_key": "water",
			"q": 1,
			"r": 3,
			"rotation_deg": 0.0,
			"rotation_steps": 0
		},
		{
			"biome": 0,
			"biome_name": "water",
			"height": 0.0,
			"height_raw": -0.375864326953888,
			"mesh_key": "water",
			"q": 2,
			"r": 3,
			"rotation_deg": 0.0,
			"rotation_steps": 0
		},
		{
			"biome": 0,
			"biome_name": "water",
			"height": 0.422134310007095,
			"height_raw": -0.125844389200211,
			"mesh_key": "water",
			"q": 3,
			"r": 3,
			"rotation_deg": 0.0,
			"rotation_steps": 0
		},
		{
			"biome": 3,
			"biome_name": "mountain",
			"height": 0.805049419403076,
			"height_raw": 0.100946977734566,
			"mesh_key": "mountain",
			"q": 4,
			"r": 3,
			"rotation_deg": 0.0,
			"rotation_steps": 0
		},
		{
			"biome": 2,
			"biome_name": "plains",
			"height": 0.75510960817337,
			"height_raw": 0.0713688209652901,
			"mesh_key": "plains",
			"q": 5,
			"r": 3,
			"rotation_deg": 0.0,
			"rotation_steps": 0
		},
		{
			"biome": 0,
			"biome_name": "water",
			"height": 0.406939327716827,
			"height_raw": -0.13484400510788,
			"mesh_key": "water",
			"q": 0,
			"r": 4,
			"rotation_deg": 0.0,
			"rotation_steps": 0
		},
		{
			"biome": 0,
			"biome_name": "water",
			"height": 0.370853811502457,
			"height_raw": -0.156216591596603,
			"mesh_key": "water",
			"q": 1,
			"r": 4,
			"rotation_deg": 0.0,
			"rotation_steps": 0
		},
		{
			"biome": 0,
			"biome_name": "water",
			"height": 0.224503546953201,
			"height_raw": -0.242896303534508,
			"mesh_key": "water",
			"q": 2,
			"r": 4,
			"rotation_deg": 0.0,
			"rotation_steps": 0
		},
		{
			"biome": 3,
			"biome_name": "mountain",
			"height": 1.0,
			"height_raw": 0.216411486268044,
			"mesh_key": "mountain_waterD",
			"q": 3,
			"r": 4,
			"rotation_deg": 300.0,
			"rotation_steps": 5
		},
		{
			"biome": 3,
			"biome_name": "mountain",
			"height": 0.935656607151031,
			"height_raw": 0.178302437067032,
			"mesh_key": "mountain",
			"q": 4,
			"r": 4,
			"rotation_deg": 0.0,
			"rotation_steps": 0
		},
		{
			"biome": 2,